weapon_a,weapon_b,distance_m,armor_level,win_rate_a,mean_ttk_a,mean_ttk_b,trials
SAR 9,Canik TP9,10.0,2,0.73,0.8438,0.9222,100
SAR 9,Canik TP9,50.0,2,0.28,24.0571,23.8607,100
SAR 9,Canik TP9,100.0,2,0.0,inf,inf,100
SAR 9,Canik TP9,200.0,2,0.0,inf,inf,100
SAR 9,SAR 109T,10.0,2,0.0,inf,0.525,100
SAR 9,SAR 109T,50.0,2,0.16,21.2563,19.6704,100
SAR 9,SAR 109T,100.0,2,0.0,inf,inf,100
SAR 9,SAR 109T,200.0,2,0.0,inf,inf,100
SAR 9,MPT-55,10.0,2,0.0,inf,0.48,100
SAR 9,MPT-55,50.0,2,0.01,16.88,9.2691,100
SAR 9,MPT-55,100.0,2,0.0,inf,22.2993,100
SAR 9,MPT-55,200.0,2,0.0,inf,inf,100
SAR 9,MPT-76,10.0,2,0.0,inf,0.4,100
SAR 9,MPT-76,50.0,2,0.0,inf,6.0,100
SAR 9,MPT-76,100.0,2,0.0,inf,19.8174,100
SAR 9,MPT-76,200.0,2,0.0,inf,inf,100
SAR 9,G3A7,10.0,2,0.0,inf,0.4364,100
SAR 9,G3A7,50.0,2,0.0,inf,7.7131,100
SAR 9,G3A7,100.0,2,0.0,inf,23.2774,100
SAR 9,G3A7,200.0,2,0.0,inf,inf,100
SAR 9,KNT-76,10.0,2,0.63,0.8,0.84,100
SAR 9,KNT-76,50.0,2,0.0,inf,6.9384,100
SAR 9,KNT-76,100.0,2,0.0,inf,12.866,100
SAR 9,KNT-76,200.0,2,0.0,inf,22.136,100
SAR 9,JNG-90,10.0,2,0.97,0.861,1.4,100
SAR 9,JNG-90,50.0,2,0.0,inf,7.14,100
SAR 9,JNG-90,100.0,2,0.0,inf,8.69,100
SAR 9,JNG-90,200.0,2,0.0,inf,8.938,100
SAR 9,PMT-76,10.0,2,0.0,inf,0.3692,100
SAR 9,PMT-76,50.0,2,0.15,21.8267,16.1446,100
SAR 9,PMT-76,100.0,2,0.0,inf,20.4923,100
SAR 9,PMT-76,200.0,2,0.0,inf,inf,100
SAR 9,Escort,10.0,2,0.96,0.915,0.85,100
SAR 9,Escort,50.0,2,0.32,24.5281,inf,100
SAR 9,Escort,100.0,2,0.0,inf,inf,100
SAR 9,Escort,200.0,2,0.0,inf,inf,100
Canik TP9,SAR 109T,10.0,2,0.0,inf,0.525,100
Canik TP9,SAR 109T,50.0,2,0.25,22.19,20.658,100
Canik TP9,SAR 109T,100.0,2,0.0,inf,inf,100
Canik TP9,SAR 109T,200.0,2,0.0,inf,inf,100
Canik TP9,MPT-55,10.0,2,0.0,inf,0.48,100
Canik TP9,MPT-55,50.0,2,0.01,13.5,9.3438,100
Canik TP9,MPT-55,100.0,2,0.0,inf,23.4183,100
Canik TP9,MPT-55,200.0,2,0.0,inf,inf,100
Canik TP9,MPT-76,10.0,2,0.0,inf,0.4,100
Canik TP9,MPT-76,50.0,2,0.0,inf,6.141,100
Canik TP9,MPT-76,100.0,2,0.0,inf,20.5891,100
Canik TP9,MPT-76,200.0,2,0.0,inf,inf,100
Canik TP9,G3A7,10.0,2,0.0,inf,0.4364,100
Canik TP9,G3A7,50.0,2,0.01,12.75,7.5117,100
Canik TP9,G3A7,100.0,2,0.0,inf,22.5836,100
Canik TP9,G3A7,200.0,2,0.0,inf,inf,100
Canik TP9,KNT-76,10.0,2,0.0,inf,0.84,100
Canik TP9,KNT-76,50.0,2,0.0,inf,6.8236,100
Canik TP9,KNT-76,100.0,2,0.0,inf,12.8436,100
Canik TP9,KNT-76,200.0,2,0.0,inf,21.2876,100
Canik TP9,JNG-90,10.0,2,0.93,1.0129,1.4,100
Canik TP9,JNG-90,50.0,2,0.0,inf,7.44,100
Canik TP9,JNG-90,100.0,2,0.0,inf,8.552,100
Canik TP9,JNG-90,200.0,2,0.0,inf,8.966,100
Canik TP9,PMT-76,10.0,2,0.0,inf,0.3692,100
Canik TP9,PMT-76,50.0,2,0.21,22.2571,14.4059,100
Canik TP9,PMT-76,100.0,2,0.0,inf,22.3385,100
Canik TP9,PMT-76,200.0,2,0.0,inf,inf,100
Canik TP9,Escort,10.0,2,0.9,1.0367,0.85,100
Canik TP9,Escort,50.0,2,0.51,24.1333,inf,100
Canik TP9,Escort,100.0,2,0.0,inf,inf,100
Canik TP9,Escort,200.0,2,0.0,inf,inf,100
SAR 109T,MPT-55,10.0,2,0.0,inf,0.48,100
SAR 109T,MPT-55,50.0,2,0.03,11.4833,9.0006,100
SAR 109T,MPT-55,100.0,2,0.0,inf,23.4506,100
SAR 109T,MPT-55,200.0,2,0.0,inf,inf,100
SAR 109T,MPT-76,10.0,2,0.0,inf,0.4,100
SAR 109T,MPT-76,50.0,2,0.0,inf,6.147,100
SAR 109T,MPT-76,100.0,2,0.0,inf,19.4233,100
SAR 109T,MPT-76,200.0,2,0.0,inf,inf,100
SAR 109T,G3A7,10.0,2,0.0,inf,0.4364,100
SAR 109T,G3A7,50.0,2,0.03,12.2833,7.6888,100
SAR 109T,G3A7,100.0,2,0.0,inf,21.3158,100
SAR 109T,G3A7,200.0,2,0.0,inf,inf,100
SAR 109T,KNT-76,10.0,2,1.0,0.525,inf,100
SAR 109T,KNT-76,50.0,2,0.02,11.6,6.9286,100
SAR 109T,KNT-76,100.0,2,0.0,inf,12.3872,100
SAR 109T,KNT-76,200.0,2,0.0,inf,22.7346,100
SAR 109T,JNG-90,10.0,2,1.0,0.525,inf,100
SAR 109T,JNG-90,50.0,2,0.01,8.725,7.4121,100
SAR 109T,JNG-90,100.0,2,0.0,inf,8.662,100
SAR 109T,JNG-90,200.0,2,0.0,inf,8.842,100
SAR 109T,PMT-76,10.0,2,0.0,inf,0.3692,100
SAR 109T,PMT-76,50.0,2,0.61,19.1492,16.2051,100
SAR 109T,PMT-76,100.0,2,0.0,inf,16.8923,100
SAR 109T,PMT-76,200.0,2,0.0,inf,inf,100
SAR 109T,Escort,10.0,2,1.0,0.525,inf,100
SAR 109T,Escort,50.0,2,0.83,21.4771,inf,100
SAR 109T,Escort,100.0,2,0.0,inf,inf,100
SAR 109T,Escort,200.0,2,0.0,inf,inf,100
MPT-55,MPT-76,10.0,2,0.0,inf,0.4,100
MPT-55,MPT-76,50.0,2,0.14,5.3729,5.5628,100
MPT-55,MPT-76,100.0,2,0.17,23.1494,20.3314,100
MPT-55,MPT-76,200.0,2,0.0,inf,inf,100
MPT-55,G3A7,10.0,2,0.0,inf,0.4364,100
MPT-55,G3A7,50.0,2,0.33,6.8618,6.0347,100
MPT-55,G3A7,100.0,2,0.2,23.205,22.9165,100
MPT-55,G3A7,200.0,2,0.0,inf,inf,100
MPT-55,KNT-76,10.0,2,1.0,0.48,inf,100
MPT-55,KNT-76,50.0,2,0.36,6.9511,5.7531,100
MPT-55,KNT-76,100.0,2,0.0,inf,12.4516,100
MPT-55,KNT-76,200.0,2,0.0,inf,21.864,100
MPT-55,JNG-90,10.0,2,1.0,0.48,inf,100
MPT-55,JNG-90,50.0,2,0.19,5.3568,6.8716,100
MPT-55,JNG-90,100.0,2,0.0,inf,8.704,100
MPT-55,JNG-90,200.0,2,0.0,inf,8.938,100
MPT-55,PMT-76,10.0,2,0.0,inf,0.3692,100
MPT-55,PMT-76,50.0,2,0.9,9.0549,5.7415,100
MPT-55,PMT-76,100.0,2,0.19,20.7211,inf,100
MPT-55,PMT-76,200.0,2,0.0,inf,inf,100
MPT-55,Escort,10.0,2,1.0,0.48,inf,100
MPT-55,Escort,50.0,2,1.0,8.6846,inf,100
MPT-55,Escort,100.0,2,0.22,24.2645,inf,100
MPT-55,Escort,200.0,2,0.0,inf,inf,100
MPT-76,G3A7,10.0,2,1.0,0.4,inf,100
MPT-76,G3A7,50.0,2,0.73,5.4644,5.0902,100
MPT-76,G3A7,100.0,2,0.4,20.2475,19.6384,100
MPT-76,G3A7,200.0,2,0.0,inf,inf,100
MPT-76,KNT-76,10.0,2,1.0,0.4,inf,100
MPT-76,KNT-76,50.0,2,0.63,5.2492,5.3654,100
MPT-76,KNT-76,100.0,2,0.1,10.89,11.9093,100
MPT-76,KNT-76,200.0,2,0.0,inf,22.1288,100
MPT-76,JNG-90,10.0,2,1.0,0.4,inf,100
MPT-76,JNG-90,50.0,2,0.72,5.9444,3.4857,100
MPT-76,JNG-90,100.0,2,0.01,8.8,8.6869,100
MPT-76,JNG-90,200.0,2,0.0,inf,8.862,100
MPT-76,PMT-76,10.0,2,0.0,inf,0.3692,100
MPT-76,PMT-76,50.0,2,0.96,5.874,5.3538,100
MPT-76,PMT-76,100.0,2,0.49,20.0204,inf,100
MPT-76,PMT-76,200.0,2,0.0,inf,inf,100
MPT-76,Escort,10.0,2,1.0,0.4,inf,100
MPT-76,Escort,50.0,2,1.0,6.115,inf,100
MPT-76,Escort,100.0,2,0.45,20.08,inf,100
MPT-76,Escort,200.0,2,0.0,inf,inf,100
G3A7,KNT-76,10.0,2,1.0,0.4364,inf,100
G3A7,KNT-76,50.0,2,0.55,6.1005,6.0791,100
G3A7,KNT-76,100.0,2,0.02,9.4,12.5857,100
G3A7,KNT-76,200.0,2,0.0,inf,21.9046,100
G3A7,JNG-90,10.0,2,1.0,0.4364,inf,100
G3A7,JNG-90,50.0,2,0.44,5.0426,7.45,100
G3A7,JNG-90,100.0,2,0.0,inf,8.732,100
G3A7,JNG-90,200.0,2,0.0,inf,8.966,100
G3A7,PMT-76,10.0,2,0.0,inf,0.3692,100
G3A7,PMT-76,50.0,2,0.93,7.5437,6.6725,100
G3A7,PMT-76,100.0,2,0.34,23.6016,inf,100
G3A7,PMT-76,200.0,2,0.0,inf,inf,100
G3A7,Escort,10.0,2,1.0,0.4364,inf,100
G3A7,Escort,50.0,2,1.0,8.1818,inf,100
G3A7,Escort,100.0,2,0.33,23.6353,inf,100
G3A7,Escort,200.0,2,0.01,28.0364,inf,100
KNT-76,JNG-90,10.0,2,1.0,0.84,inf,100
KNT-76,JNG-90,50.0,2,0.55,5.5847,5.3956,100
KNT-76,JNG-90,100.0,2,0.09,6.0356,8.2945,100
KNT-76,JNG-90,200.0,2,0.0,inf,8.724,100
KNT-76,PMT-76,10.0,2,0.0,inf,0.3692,100
KNT-76,PMT-76,50.0,2,0.92,6.723,8.6654,100
KNT-76,PMT-76,100.0,2,1.0,12.1772,inf,100
KNT-76,PMT-76,200.0,2,0.38,22.26,inf,100
KNT-76,Escort,10.0,2,1.0,0.84,inf,100
KNT-76,Escort,50.0,2,1.0,6.9748,inf,100
KNT-76,Escort,100.0,2,1.0,12.4964,inf,100
KNT-76,Escort,200.0,2,0.34,20.8518,inf,100
JNG-90,PMT-76,10.0,2,0.0,inf,0.3692,100
JNG-90,PMT-76,50.0,2,0.92,6.9391,5.3192,100
JNG-90,PMT-76,100.0,2,1.0,8.316,inf,100
JNG-90,PMT-76,200.0,2,1.0,8.8,inf,100
JNG-90,Escort,10.0,2,0.92,1.4,0.85,100
JNG-90,Escort,50.0,2,1.0,6.94,inf,100
JNG-90,Escort,100.0,2,1.0,8.642,inf,100
JNG-90,Escort,200.0,2,1.0,8.786,inf,100
PMT-76,Escort,10.0,2,1.0,0.3692,inf,100
PMT-76,Escort,50.0,2,0.63,16.0381,inf,100
PMT-76,Escort,100.0,2,0.0,inf,inf,100
PMT-76,Escort,200.0,2,0.0,inf,inf,100
