weapon_id,display_name,distance_m,zone,armor_level,helmet_level,trials,mean_hit_chance,mean_expected_ttk,p50_ttk,p90_ttk,mean_shots_fired
Sar9,SAR 9,50.0,body,2,2,250,0.1017,21.2823,20.94,27.62,92.16
Sar9,SAR 9,50.0,head,2,2,250,0.0113,inf,inf,inf,120.0
Sar9,SAR 9,100.0,body,2,2,250,0.0207,inf,inf,inf,120.0
Sar9,SAR 9,100.0,head,2,2,250,0.0031,inf,inf,inf,120.0
Sar9,SAR 9,200.0,body,2,2,250,0.0052,inf,inf,inf,120.0
Sar9,SAR 9,200.0,head,2,2,250,0.0009,inf,inf,inf,120.0
Tp9,Canik TP9,50.0,body,2,2,250,0.1152,18.176,17.65,25.8,84.41
Tp9,Canik TP9,50.0,head,2,2,250,0.0134,26.625,26.4,26.85,119.96
Tp9,Canik TP9,100.0,body,2,2,250,0.0255,inf,inf,inf,120.0
Tp9,Canik TP9,100.0,head,2,2,250,0.0035,inf,inf,inf,120.0
Tp9,Canik TP9,200.0,body,2,2,250,0.0064,inf,inf,inf,120.0
Tp9,Canik TP9,200.0,head,2,2,250,0.0008,inf,inf,inf,120.0
Sar109,SAR 109T,50.0,body,2,2,250,0.1186,10.7355,10.15,13.65,88.17
Sar109,SAR 109T,50.0,head,2,2,250,0.0129,inf,inf,inf,120.0
Sar109,SAR 109T,100.0,body,2,2,250,0.025,inf,inf,inf,120.0
Sar109,SAR 109T,100.0,head,2,2,250,0.0036,inf,inf,inf,120.0
Sar109,SAR 109T,200.0,body,2,2,250,0.0065,inf,inf,inf,120.0
Sar109,SAR 109T,200.0,head,2,2,250,0.0011,inf,inf,inf,120.0
Mpt55,MPT-55,50.0,body,2,2,250,0.2574,4.2536,4.78,5.34,31.4
Mpt55,MPT-55,50.0,head,2,2,250,0.0292,11.7644,11.72,15.06,106.89
Mpt55,MPT-55,100.0,body,2,2,250,0.0507,13.2277,14.34,15.7,109.97
Mpt55,MPT-55,100.0,head,2,2,250,0.0062,inf,inf,inf,120.0
Mpt55,MPT-55,200.0,body,2,2,250,0.0103,inf,inf,inf,120.0
Mpt55,MPT-55,200.0,head,2,2,250,0.0016,inf,inf,inf,120.0
Mpt76,MPT-76,50.0,body,2,2,250,0.425,2.568,1.6,4.6,15.38
Mpt76,MPT-76,50.0,head,2,2,250,0.0503,13.8519,13.7,22.6,79.34
Mpt76,MPT-76,100.0,body,2,2,250,0.0778,14.5548,13.9,22.5,74.74
Mpt76,MPT-76,100.0,head,2,2,250,0.0092,15.3111,14.2,22.7,116.56
Mpt76,MPT-76,200.0,body,2,2,250,0.0146,24.0,24.0,24.0,119.98
Mpt76,MPT-76,200.0,head,2,2,250,0.0025,inf,inf,inf,120.0
G3,G3A7,50.0,body,2,2,250,0.3508,3.6214,4.7818,5.3273,18.75
G3,G3A7,50.0,head,2,2,250,0.0449,15.4561,15.3273,24.2364,86.17
G3,G3A7,100.0,body,2,2,250,0.0662,16.6404,15.0,24.2364,84.64
G3,G3A7,100.0,head,2,2,250,0.0065,20.6869,24.3455,24.7818,118.92
G3,G3A7,200.0,body,2,2,250,0.0121,21.9545,19.2364,24.6727,119.8
G3,G3A7,200.0,head,2,2,250,0.0019,inf,inf,inf,120.0
Knt76,KNT-76,50.0,body,2,2,250,1.0,0.84,0.84,0.84,4.0
Knt76,KNT-76,50.0,head,2,2,250,0.8155,0.6216,0.28,1.12,2.98
Knt76,KNT-76,100.0,body,2,2,250,0.9133,1.0483,0.84,1.4,4.58
Knt76,KNT-76,100.0,head,2,2,250,0.1884,9.3834,6.72,17.64,19.07
Knt76,KNT-76,200.0,body,2,2,250,0.2408,10.3768,11.2,17.64,20.86
Knt76,KNT-76,200.0,head,2,2,250,0.0392,33.5087,34.16,56.0,76.82
Jng90,JNG-90,50.0,body,2,2,250,1.0,1.4,1.4,1.4,2.0
Jng90,JNG-90,50.0,head,2,2,250,1.0,0.0,0.0,0.0,1.0
Jng90,JNG-90,100.0,body,2,2,250,1.0,1.4,1.4,1.4,2.0
Jng90,JNG-90,100.0,head,2,2,250,1.0,0.0,0.0,0.0,1.0
Jng90,JNG-90,200.0,body,2,2,250,1.0,1.4,1.4,1.4,2.0
Jng90,JNG-90,200.0,head,2,2,250,0.942,0.1736,0.0,1.4,1.12
Pmt76,PMT-76,50.0,body,2,2,250,0.0725,11.281,15.2308,16.2462,94.56
Pmt76,PMT-76,50.0,head,2,2,250,0.0072,13.2538,16.0615,16.6154,118.84
Pmt76,PMT-76,100.0,body,2,2,250,0.0119,16.0,15.9692,16.3385,119.87
Pmt76,PMT-76,100.0,head,2,2,250,0.0018,inf,inf,inf,120.0
Pmt76,PMT-76,200.0,body,2,2,250,0.0035,inf,inf,inf,120.0
Pmt76,PMT-76,200.0,head,2,2,250,0.0006,inf,inf,inf,120.0
Escort,Escort,50.0,body,2,2,250,0.1158,inf,inf,inf,120.0
Escort,Escort,50.0,head,2,2,250,0.0153,inf,inf,inf,120.0
Escort,Escort,100.0,body,2,2,250,0.0302,inf,inf,inf,120.0
Escort,Escort,100.0,head,2,2,250,0.0037,inf,inf,inf,120.0
Escort,Escort,200.0,body,2,2,250,0.007,inf,inf,inf,120.0
Escort,Escort,200.0,head,2,2,250,0.0009,inf,inf,inf,120.0
